doc_id,level1,level2,level3,level4,api_name,url,doc_path,hierarchy_path
408,ETF专题,ETF份额规模,,,etf_share_size,https://tushare.pro/document/2?doc_id=408,F:\projects\my-stock\tushare_docs\document\2\doc_id-408.md,F:\projects\my-stock\tushare_docs\ETF专题\ETF份额规模.md
387,ETF专题,ETF历史分钟,,,stk_mins,https://tushare.pro/document/2?doc_id=387,F:\projects\my-stock\tushare_docs\document\2\doc_id-387.md,F:\projects\my-stock\tushare_docs\ETF专题\ETF历史分钟.md
386,ETF专题,ETF基准指数,,,etf_index,https://tushare.pro/document/2?doc_id=386,F:\projects\my-stock\tushare_docs\document\2\doc_id-386.md,F:\projects\my-stock\tushare_docs\ETF专题\ETF基准指数.md
385,ETF专题,ETF基本信息,,,etf_basic,https://tushare.pro/document/2?doc_id=385,F:\projects\my-stock\tushare_docs\document\2\doc_id-385.md,F:\projects\my-stock\tushare_docs\ETF专题\ETF基本信息.md
199,ETF专题,ETF复权因子,,,fund_adj,https://tushare.pro/document/2?doc_id=199,F:\projects\my-stock\tushare_docs\document\2\doc_id-199.md,F:\projects\my-stock\tushare_docs\ETF专题\ETF复权因子.md
416,ETF专题,ETF实时分钟,,,,https://tushare.pro/document/2?doc_id=416,F:\projects\my-stock\tushare_docs\document\2\doc_id-416.md,F:\projects\my-stock\tushare_docs\ETF专题\ETF实时分钟.md
400,ETF专题,ETF实时日线,,,rt_etf_k,https://tushare.pro/document/2?doc_id=400,F:\projects\my-stock\tushare_docs\document\2\doc_id-400.md,F:\projects\my-stock\tushare_docs\ETF专题\ETF实时日线.md
127,ETF专题,ETF日线行情,,,fund_daily,https://tushare.pro/document/2?doc_id=127,F:\projects\my-stock\tushare_docs\document\2\doc_id-127.md,F:\projects\my-stock\tushare_docs\ETF专题\ETF日线行情.md
256,债券专题,债券回购日行情,,,repo_daily,https://tushare.pro/document/2?doc_id=256,F:\projects\my-stock\tushare_docs\document\2\doc_id-256.md,F:\projects\my-stock\tushare_docs\债券专题\债券回购日行情.md
233,债券专题,全球财经事件,,,eco_cal,https://tushare.pro/document/2?doc_id=233,F:\projects\my-stock\tushare_docs\document\2\doc_id-233.md,F:\projects\my-stock\tushare_docs\债券专题\全球财经事件.md
186,债券专题,可转债发行,,,cb_issue,https://tushare.pro/document/2?doc_id=186,F:\projects\my-stock\tushare_docs\document\2\doc_id-186.md,F:\projects\my-stock\tushare_docs\债券专题\可转债发行.md
185,债券专题,可转债基础信息,,,cb_basic,https://tushare.pro/document/2?doc_id=185,F:\projects\my-stock\tushare_docs\document\2\doc_id-185.md,F:\projects\my-stock\tushare_docs\债券专题\可转债基础信息.md
392,债券专题,可转债技术面因子(专业版),,,cb_factor_pro,https://tushare.pro/document/2?doc_id=392,F:\projects\my-stock\tushare_docs\document\2\doc_id-392.md,F:\projects\my-stock\tushare_docs\债券专题\可转债技术面因子_专业版.md
305,债券专题,可转债票面利率,,,cb_rate,https://tushare.pro/document/2?doc_id=305,F:\projects\my-stock\tushare_docs\document\2\doc_id-305.md,F:\projects\my-stock\tushare_docs\债券专题\可转债票面利率.md
187,债券专题,可转债行情,,,cb_daily,https://tushare.pro/document/2?doc_id=187,F:\projects\my-stock\tushare_docs\document\2\doc_id-187.md,F:\projects\my-stock\tushare_docs\债券专题\可转债行情.md
269,债券专题,可转债赎回信息,,,cb_call,https://tushare.pro/document/2?doc_id=269,F:\projects\my-stock\tushare_docs\document\2\doc_id-269.md,F:\projects\my-stock\tushare_docs\债券专题\可转债赎回信息.md
246,债券专题,可转债转股价变动,,,cb_price_chg,https://tushare.pro/document/2?doc_id=246,F:\projects\my-stock\tushare_docs\document\2\doc_id-246.md,F:\projects\my-stock\tushare_docs\债券专题\可转债转股价变动.md
247,债券专题,可转债转股结果,,,cb_share,https://tushare.pro/document/2?doc_id=247,F:\projects\my-stock\tushare_docs\document\2\doc_id-247.md,F:\projects\my-stock\tushare_docs\债券专题\可转债转股结果.md
201,债券专题,国债收益率曲线,,,yc_cb,https://tushare.pro/document/2?doc_id=201,F:\projects\my-stock\tushare_docs\document\2\doc_id-201.md,F:\projects\my-stock\tushare_docs\债券专题\国债收益率曲线.md
271,债券专题,大宗交易,,,bond_blk,https://tushare.pro/document/2?doc_id=271,F:\projects\my-stock\tushare_docs\document\2\doc_id-271.md,F:\projects\my-stock\tushare_docs\债券专题\大宗交易.md
272,债券专题,大宗交易明细,,,bond_blk_detail,https://tushare.pro/document/2?doc_id=272,F:\projects\my-stock\tushare_docs\document\2\doc_id-272.md,F:\projects\my-stock\tushare_docs\债券专题\大宗交易明细.md
322,债券专题,柜台流通式债券报价,,,bc_otcqt,https://tushare.pro/document/2?doc_id=322,F:\projects\my-stock\tushare_docs\document\2\doc_id-322.md,F:\projects\my-stock\tushare_docs\债券专题\柜台流通式债券报价.md
323,债券专题,柜台流通式债券最优报价,,,bc_bestotcqt,https://tushare.pro/document/2?doc_id=323,F:\projects\my-stock\tushare_docs\document\2\doc_id-323.md,F:\projects\my-stock\tushare_docs\债券专题\柜台流通式债券最优报价.md
119,公募基金,基金净值,,,fund_nav,https://tushare.pro/document/2?doc_id=119,F:\projects\my-stock\tushare_docs\document\2\doc_id-119.md,F:\projects\my-stock\tushare_docs\公募基金\基金净值.md
120,公募基金,基金分红,,,fund_div,https://tushare.pro/document/2?doc_id=120,F:\projects\my-stock\tushare_docs\document\2\doc_id-120.md,F:\projects\my-stock\tushare_docs\公募基金\基金分红.md
19,公募基金,基金列表,,,fund_basic,https://tushare.pro/document/2?doc_id=19,F:\projects\my-stock\tushare_docs\document\2\doc_id-19.md,F:\projects\my-stock\tushare_docs\公募基金\基金列表.md
359,公募基金,基金技术面因子(专业版),,,fund_factor_pro,https://tushare.pro/document/2?doc_id=359,F:\projects\my-stock\tushare_docs\document\2\doc_id-359.md,F:\projects\my-stock\tushare_docs\公募基金\基金技术面因子_专业版.md
121,公募基金,基金持仓,,,fund_portfolio,https://tushare.pro/document/2?doc_id=121,F:\projects\my-stock\tushare_docs\document\2\doc_id-121.md,F:\projects\my-stock\tushare_docs\公募基金\基金持仓.md
118,公募基金,基金管理人,,,fund_company,https://tushare.pro/document/2?doc_id=118,F:\projects\my-stock\tushare_docs\document\2\doc_id-118.md,F:\projects\my-stock\tushare_docs\公募基金\基金管理人.md
208,公募基金,基金经理,,,fund_manager,https://tushare.pro/document/2?doc_id=208,F:\projects\my-stock\tushare_docs\document\2\doc_id-208.md,F:\projects\my-stock\tushare_docs\公募基金\基金经理.md
207,公募基金,基金规模,,,fund_share,https://tushare.pro/document/2?doc_id=207,F:\projects\my-stock\tushare_docs\document\2\doc_id-207.md,F:\projects\my-stock\tushare_docs\公募基金\基金规模.md
178,外汇数据,外汇基础信息（海外）,,,fx_obasic,https://tushare.pro/document/2?doc_id=178,F:\projects\my-stock\tushare_docs\document\2\doc_id-178.md,F:\projects\my-stock\tushare_docs\外汇数据\外汇基础信息_海外.md
179,外汇数据,外汇日线行情,,,fx_daily,https://tushare.pro/document/2?doc_id=179,F:\projects\my-stock\tushare_docs\document\2\doc_id-179.md,F:\projects\my-stock\tushare_docs\外汇数据\外汇日线行情.md
176,大模型语料专题数据,上市公司公告,,,anns_d,https://tushare.pro/document/2?doc_id=176,F:\projects\my-stock\tushare_docs\document\2\doc_id-176.md,F:\projects\my-stock\tushare_docs\大模型语料专题数据\上市公司公告.md
366,大模型语料专题数据,上证e互动问答,,,irm_qa_sh,https://tushare.pro/document/2?doc_id=366,F:\projects\my-stock\tushare_docs\document\2\doc_id-366.md,F:\projects\my-stock\tushare_docs\大模型语料专题数据\上证e互动问答.md
415,大模型语料专题数据,券商研究报告,,,research_report,https://tushare.pro/document/2?doc_id=415,F:\projects\my-stock\tushare_docs\document\2\doc_id-415.md,F:\projects\my-stock\tushare_docs\大模型语料专题数据\券商研究报告.md
406,大模型语料专题数据,国家政策库,,,npr,https://tushare.pro/document/2?doc_id=406,F:\projects\my-stock\tushare_docs\document\2\doc_id-406.md,F:\projects\my-stock\tushare_docs\大模型语料专题数据\国家政策库.md
143,大模型语料专题数据,新闻快讯（短讯）,,,news,https://tushare.pro/document/2?doc_id=143,F:\projects\my-stock\tushare_docs\document\2\doc_id-143.md,F:\projects\my-stock\tushare_docs\大模型语料专题数据\新闻快讯_短讯.md
154,大模型语料专题数据,新闻联播文字稿,,,cctv_news,https://tushare.pro/document/2?doc_id=154,F:\projects\my-stock\tushare_docs\document\2\doc_id-154.md,F:\projects\my-stock\tushare_docs\大模型语料专题数据\新闻联播文字稿.md
195,大模型语料专题数据,新闻通讯（长篇）,,,major_news,https://tushare.pro/document/2?doc_id=195,F:\projects\my-stock\tushare_docs\document\2\doc_id-195.md,F:\projects\my-stock\tushare_docs\大模型语料专题数据\新闻通讯_长篇.md
367,大模型语料专题数据,深证易互动问答,,,irm_qa_sz,https://tushare.pro/document/2?doc_id=367,F:\projects\my-stock\tushare_docs\document\2\doc_id-367.md,F:\projects\my-stock\tushare_docs\大模型语料专题数据\深证易互动问答.md
228,宏观经济,国内宏观,价格指数,居民消费价格指数（CPI）,cn_cpi,https://tushare.pro/document/2?doc_id=228,F:\projects\my-stock\tushare_docs\document\2\doc_id-228.md,F:\projects\my-stock\tushare_docs\宏观经济\国内宏观\价格指数\居民消费价格指数_CPI.md
245,宏观经济,国内宏观,价格指数,工业生产者出厂价格指数（PPI）,cn_ppi,https://tushare.pro/document/2?doc_id=245,F:\projects\my-stock\tushare_docs\document\2\doc_id-245.md,F:\projects\my-stock\tushare_docs\宏观经济\国内宏观\价格指数\工业生产者出厂价格指数_PPI.md
153,宏观经济,国内宏观,利率数据,Hibor利率,hibor,https://tushare.pro/document/2?doc_id=153,F:\projects\my-stock\tushare_docs\document\2\doc_id-153.md,F:\projects\my-stock\tushare_docs\宏观经济\国内宏观\利率数据\Hibor利率.md
151,宏观经济,国内宏观,利率数据,LPR贷款基础利率,shibor_lpr,https://tushare.pro/document/2?doc_id=151,F:\projects\my-stock\tushare_docs\document\2\doc_id-151.md,F:\projects\my-stock\tushare_docs\宏观经济\国内宏观\利率数据\LPR贷款基础利率.md
152,宏观经济,国内宏观,利率数据,Libor利率,libor,https://tushare.pro/document/2?doc_id=152,F:\projects\my-stock\tushare_docs\document\2\doc_id-152.md,F:\projects\my-stock\tushare_docs\宏观经济\国内宏观\利率数据\Libor利率.md
149,宏观经济,国内宏观,利率数据,Shibor利率,shibor,https://tushare.pro/document/2?doc_id=149,F:\projects\my-stock\tushare_docs\document\2\doc_id-149.md,F:\projects\my-stock\tushare_docs\宏观经济\国内宏观\利率数据\Shibor利率.md
150,宏观经济,国内宏观,利率数据,Shibor报价数据,shibor_quote,https://tushare.pro/document/2?doc_id=150,F:\projects\my-stock\tushare_docs\document\2\doc_id-150.md,F:\projects\my-stock\tushare_docs\宏观经济\国内宏观\利率数据\Shibor报价数据.md
174,宏观经济,国内宏观,利率数据,广州民间借贷利率,gz_index,https://tushare.pro/document/2?doc_id=174,F:\projects\my-stock\tushare_docs\document\2\doc_id-174.md,F:\projects\my-stock\tushare_docs\宏观经济\国内宏观\利率数据\广州民间借贷利率.md
173,宏观经济,国内宏观,利率数据,温州民间借贷利率,wz_index,https://tushare.pro/document/2?doc_id=173,F:\projects\my-stock\tushare_docs\document\2\doc_id-173.md,F:\projects\my-stock\tushare_docs\宏观经济\国内宏观\利率数据\温州民间借贷利率.md
227,宏观经济,国内宏观,国民经济,国内生产总值（GDP）,cn_gdp,https://tushare.pro/document/2?doc_id=227,F:\projects\my-stock\tushare_docs\document\2\doc_id-227.md,F:\projects\my-stock\tushare_docs\宏观经济\国内宏观\国民经济\国内生产总值_GDP.md
325,宏观经济,国内宏观,景气度,采购经理指数（PMI）,cn_pmi,https://tushare.pro/document/2?doc_id=325,F:\projects\my-stock\tushare_docs\document\2\doc_id-325.md,F:\projects\my-stock\tushare_docs\宏观经济\国内宏观\景气度\采购经理指数_PMI.md
310,宏观经济,国内宏观,金融,社会融资,sf_month,https://tushare.pro/document/2?doc_id=310,F:\projects\my-stock\tushare_docs\document\2\doc_id-310.md,F:\projects\my-stock\tushare_docs\宏观经济\国内宏观\金融\社会融资\社融增量_月度.md
242,宏观经济,国内宏观,金融,货币供应量,cn_m,https://tushare.pro/document/2?doc_id=242,F:\projects\my-stock\tushare_docs\document\2\doc_id-242.md,F:\projects\my-stock\tushare_docs\宏观经济\国内宏观\金融\货币供应量\货币供应量_月.md
220,宏观经济,国际宏观,美国利率,国债实际收益率曲线利率,us_trycr,https://tushare.pro/document/2?doc_id=220,F:\projects\my-stock\tushare_docs\document\2\doc_id-220.md,F:\projects\my-stock\tushare_docs\宏观经济\国际宏观\美国利率\国债实际收益率曲线利率.md
219,宏观经济,国际宏观,美国利率,国债收益率曲线利率,us_tycr,https://tushare.pro/document/2?doc_id=219,F:\projects\my-stock\tushare_docs\document\2\doc_id-219.md,F:\projects\my-stock\tushare_docs\宏观经济\国际宏观\美国利率\国债收益率曲线利率.md
222,宏观经济,国际宏观,美国利率,国债长期利率,us_tltr,https://tushare.pro/document/2?doc_id=222,F:\projects\my-stock\tushare_docs\document\2\doc_id-222.md,F:\projects\my-stock\tushare_docs\宏观经济\国际宏观\美国利率\国债长期利率.md
223,宏观经济,国际宏观,美国利率,国债长期利率平均值,us_trltr,https://tushare.pro/document/2?doc_id=223,F:\projects\my-stock\tushare_docs\document\2\doc_id-223.md,F:\projects\my-stock\tushare_docs\宏观经济\国际宏观\美国利率\国债长期利率平均值.md
221,宏观经济,国际宏观,美国利率,短期国债利率,us_tbr,https://tushare.pro/document/2?doc_id=221,F:\projects\my-stock\tushare_docs\document\2\doc_id-221.md,F:\projects\my-stock\tushare_docs\宏观经济\国际宏观\美国利率\短期国债利率.md
373,指数专题,中信行业成分,,,ci_index_member,https://tushare.pro/document/2?doc_id=373,F:\projects\my-stock\tushare_docs\document\2\doc_id-373.md,F:\projects\my-stock\tushare_docs\指数专题\中信行业成分.md
308,指数专题,中信行业指数日行情,,,ci_daily,https://tushare.pro/document/2?doc_id=308,F:\projects\my-stock\tushare_docs\document\2\doc_id-308.md,F:\projects\my-stock\tushare_docs\指数专题\中信行业指数日行情.md
211,指数专题,国际主要指数,,,index_global,https://tushare.pro/document/2?doc_id=211,F:\projects\my-stock\tushare_docs\document\2\doc_id-211.md,F:\projects\my-stock\tushare_docs\指数专题\国际主要指数.md
128,指数专题,大盘指数每日指标,,,index_dailybasic,https://tushare.pro/document/2?doc_id=128,F:\projects\my-stock\tushare_docs\document\2\doc_id-128.md,F:\projects\my-stock\tushare_docs\指数专题\大盘指数每日指标.md
419,指数专题,指数历史分钟,,,,https://tushare.pro/document/2?doc_id=419,F:\projects\my-stock\tushare_docs\document\2\doc_id-419.md,F:\projects\my-stock\tushare_docs\指数专题\指数历史分钟.md
171,指数专题,指数周线行情,,,index_weekly,https://tushare.pro/document/2?doc_id=171,F:\projects\my-stock\tushare_docs\document\2\doc_id-171.md,F:\projects\my-stock\tushare_docs\指数专题\指数周线行情.md
94,指数专题,指数基本信息,,,index_basic,https://tushare.pro/document/2?doc_id=94,F:\projects\my-stock\tushare_docs\document\2\doc_id-94.md,F:\projects\my-stock\tushare_docs\指数专题\指数基本信息.md
420,指数专题,指数实时分钟,,,,https://tushare.pro/document/2?doc_id=420,F:\projects\my-stock\tushare_docs\document\2\doc_id-420.md,F:\projects\my-stock\tushare_docs\指数专题\指数实时分钟.md
403,指数专题,指数实时日线,,,rt_idx_k,https://tushare.pro/document/2?doc_id=403,F:\projects\my-stock\tushare_docs\document\2\doc_id-403.md,F:\projects\my-stock\tushare_docs\指数专题\指数实时日线.md
96,指数专题,指数成分和权重,,,index_weight,https://tushare.pro/document/2?doc_id=96,F:\projects\my-stock\tushare_docs\document\2\doc_id-96.md,F:\projects\my-stock\tushare_docs\指数专题\指数成分和权重.md
358,指数专题,指数技术面因子(专业版),,,idx_factor_pro,https://tushare.pro/document/2?doc_id=358,F:\projects\my-stock\tushare_docs\document\2\doc_id-358.md,F:\projects\my-stock\tushare_docs\指数专题\指数技术面因子_专业版.md
95,指数专题,指数日线行情,,,index_daily,https://tushare.pro/document/2?doc_id=95,F:\projects\my-stock\tushare_docs\document\2\doc_id-95.md,F:\projects\my-stock\tushare_docs\指数专题\指数日线行情.md
172,指数专题,指数月线行情,,,index_monthly,https://tushare.pro/document/2?doc_id=172,F:\projects\my-stock\tushare_docs\document\2\doc_id-172.md,F:\projects\my-stock\tushare_docs\指数专题\指数月线行情.md
215,指数专题,沪深市场每日交易统计,,,daily_info,https://tushare.pro/document/2?doc_id=215,F:\projects\my-stock\tushare_docs\document\2\doc_id-215.md,F:\projects\my-stock\tushare_docs\指数专题\沪深市场每日交易统计.md
268,指数专题,深圳市场每日交易情况,,,sz_daily_info,https://tushare.pro/document/2?doc_id=268,F:\projects\my-stock\tushare_docs\document\2\doc_id-268.md,F:\projects\my-stock\tushare_docs\指数专题\深圳市场每日交易情况.md
417,指数专题,申万实时行情,,,,https://tushare.pro/document/2?doc_id=417,F:\projects\my-stock\tushare_docs\document\2\doc_id-417.md,F:\projects\my-stock\tushare_docs\指数专题\申万实时行情.md
181,指数专题,申万行业分类,,,index_classify,https://tushare.pro/document/2?doc_id=181,F:\projects\my-stock\tushare_docs\document\2\doc_id-181.md,F:\projects\my-stock\tushare_docs\指数专题\申万行业分类.md
335,指数专题,申万行业成分（分级）,,,index_member_all,https://tushare.pro/document/2?doc_id=335,F:\projects\my-stock\tushare_docs\document\2\doc_id-335.md,F:\projects\my-stock\tushare_docs\指数专题\申万行业成分_分级.md
327,指数专题,申万行业指数日行情,,,sw_daily,https://tushare.pro/document/2?doc_id=327,F:\projects\my-stock\tushare_docs\document\2\doc_id-327.md,F:\projects\my-stock\tushare_docs\指数专题\申万行业指数日行情.md
341,期权数据,期权分钟行情,,,opt_mins,https://tushare.pro/document/2?doc_id=341,F:\projects\my-stock\tushare_docs\document\2\doc_id-341.md,F:\projects\my-stock\tushare_docs\期权数据\期权分钟行情.md
158,期权数据,期权合约信息,,,opt_basic,https://tushare.pro/document/2?doc_id=158,F:\projects\my-stock\tushare_docs\document\2\doc_id-158.md,F:\projects\my-stock\tushare_docs\期权数据\期权合约信息.md
159,期权数据,期权日线行情,,,opt_daily,https://tushare.pro/document/2?doc_id=159,F:\projects\my-stock\tushare_docs\document\2\doc_id-159.md,F:\projects\my-stock\tushare_docs\期权数据\期权日线行情.md
137,期货数据,交易日历,,,trade_cal,https://tushare.pro/document/2?doc_id=137,F:\projects\my-stock\tushare_docs\document\2\doc_id-137.md,F:\projects\my-stock\tushare_docs\期货数据\交易日历.md
140,期货数据,仓单日报,,,fut_wsr,https://tushare.pro/document/2?doc_id=140,F:\projects\my-stock\tushare_docs\document\2\doc_id-140.md,F:\projects\my-stock\tushare_docs\期货数据\仓单日报.md
155,期货数据,南华期货指数行情,,,index_daily,https://tushare.pro/document/2?doc_id=155,F:\projects\my-stock\tushare_docs\document\2\doc_id-155.md,F:\projects\my-stock\tushare_docs\期货数据\南华期货指数行情.md
314,期货数据,历史Tick行情,,,,https://tushare.pro/document/2?doc_id=314,F:\projects\my-stock\tushare_docs\document\2\doc_id-314.md,F:\projects\my-stock\tushare_docs\期货数据\历史Tick行情.md
313,期货数据,历史分钟行情,,,ft_mins,https://tushare.pro/document/2?doc_id=313,F:\projects\my-stock\tushare_docs\document\2\doc_id-313.md,F:\projects\my-stock\tushare_docs\期货数据\历史分钟行情.md
135,期货数据,合约信息,,,fut_basic,https://tushare.pro/document/2?doc_id=135,F:\projects\my-stock\tushare_docs\document\2\doc_id-135.md,F:\projects\my-stock\tushare_docs\期货数据\合约信息.md
340,期货数据,实时分钟行情,,,rt_fut_min,https://tushare.pro/document/2?doc_id=340,F:\projects\my-stock\tushare_docs\document\2\doc_id-340.md,F:\projects\my-stock\tushare_docs\期货数据\实时分钟行情.md
138,期货数据,日线行情,,,fut_daily,https://tushare.pro/document/2?doc_id=138,F:\projects\my-stock\tushare_docs\document\2\doc_id-138.md,F:\projects\my-stock\tushare_docs\期货数据\日线行情.md
189,期货数据,期货主力与连续合约,,,fut_mapping,https://tushare.pro/document/2?doc_id=189,F:\projects\my-stock\tushare_docs\document\2\doc_id-189.md,F:\projects\my-stock\tushare_docs\期货数据\期货主力与连续合约.md
216,期货数据,期货主要品种交易周报,,,fut_weekly_detail,https://tushare.pro/document/2?doc_id=216,F:\projects\my-stock\tushare_docs\document\2\doc_id-216.md,F:\projects\my-stock\tushare_docs\期货数据\期货主要品种交易周报.md
368,期货数据,期货合约涨跌停价格,,,ft_limit,https://tushare.pro/document/2?doc_id=368,F:\projects\my-stock\tushare_docs\document\2\doc_id-368.md,F:\projects\my-stock\tushare_docs\期货数据\期货合约涨跌停价格.md
337,期货数据,期货周/月线行情(每日更新),,,fut_weekly_monthly,https://tushare.pro/document/2?doc_id=337,F:\projects\my-stock\tushare_docs\document\2\doc_id-337.md,F:\projects\my-stock\tushare_docs\期货数据\期货周_月线行情_每日更新.md
139,期货数据,每日持仓排名,,,fut_holding,https://tushare.pro/document/2?doc_id=139,F:\projects\my-stock\tushare_docs\document\2\doc_id-139.md,F:\projects\my-stock\tushare_docs\期货数据\每日持仓排名.md
141,期货数据,每日结算参数,,,fut_settle,https://tushare.pro/document/2?doc_id=141,F:\projects\my-stock\tushare_docs\document\2\doc_id-141.md,F:\projects\my-stock\tushare_docs\期货数据\每日结算参数.md
250,港股数据,港股交易日历,,,hk_tradecal,https://tushare.pro/document/2?doc_id=250,F:\projects\my-stock\tushare_docs\document\2\doc_id-250.md,F:\projects\my-stock\tushare_docs\港股数据\港股交易日历.md
304,港股数据,港股分钟行情,,,hk_mins,https://tushare.pro/document/2?doc_id=304,F:\projects\my-stock\tushare_docs\document\2\doc_id-304.md,F:\projects\my-stock\tushare_docs\港股数据\港股分钟行情.md
389,港股数据,港股利润表,,,hk_income,https://tushare.pro/document/2?doc_id=389,F:\projects\my-stock\tushare_docs\document\2\doc_id-389.md,F:\projects\my-stock\tushare_docs\港股数据\港股利润表.md
191,港股数据,港股基础信息,,,hk_basic,https://tushare.pro/document/2?doc_id=191,F:\projects\my-stock\tushare_docs\document\2\doc_id-191.md,F:\projects\my-stock\tushare_docs\港股数据\港股基础信息.md
401,港股数据,港股复权因子,,,hk_adjfactor,https://tushare.pro/document/2?doc_id=401,F:\projects\my-stock\tushare_docs\document\2\doc_id-401.md,F:\projects\my-stock\tushare_docs\港股数据\港股复权因子.md
339,港股数据,港股复权行情,,,hk_daily_adj,https://tushare.pro/document/2?doc_id=339,F:\projects\my-stock\tushare_docs\document\2\doc_id-339.md,F:\projects\my-stock\tushare_docs\港股数据\港股复权行情.md
383,港股数据,港股实时日线,,,rt_hk_k,https://tushare.pro/document/2?doc_id=383,F:\projects\my-stock\tushare_docs\document\2\doc_id-383.md,F:\projects\my-stock\tushare_docs\港股数据\港股实时日线.md
192,港股数据,港股日线行情,,,hk_daily,https://tushare.pro/document/2?doc_id=192,F:\projects\my-stock\tushare_docs\document\2\doc_id-192.md,F:\projects\my-stock\tushare_docs\港股数据\港股日线行情.md
391,港股数据,港股现金流量表,,,hk_cashflow,https://tushare.pro/document/2?doc_id=391,F:\projects\my-stock\tushare_docs\document\2\doc_id-391.md,F:\projects\my-stock\tushare_docs\港股数据\港股现金流量表.md
388,港股数据,港股财务指标数据,,,hk_fina_indicator,https://tushare.pro/document/2?doc_id=388,F:\projects\my-stock\tushare_docs\document\2\doc_id-388.md,F:\projects\my-stock\tushare_docs\港股数据\港股财务指标数据.md
390,港股数据,港股资产负债表,,,hk_balancesheet,https://tushare.pro/document/2?doc_id=390,F:\projects\my-stock\tushare_docs\document\2\doc_id-390.md,F:\projects\my-stock\tushare_docs\港股数据\港股资产负债表.md
284,现货数据,上海黄金基础信息,,,sge_basic,https://tushare.pro/document/2?doc_id=284,F:\projects\my-stock\tushare_docs\document\2\doc_id-284.md,F:\projects\my-stock\tushare_docs\现货数据\上海黄金基础信息.md
285,现货数据,上海黄金现货日行情,,,sge_daily,https://tushare.pro/document/2?doc_id=285,F:\projects\my-stock\tushare_docs\document\2\doc_id-285.md,F:\projects\my-stock\tushare_docs\现货数据\上海黄金现货日行情.md
253,美股数据,美股交易日历,,,us_tradecal,https://tushare.pro/document/2?doc_id=253,F:\projects\my-stock\tushare_docs\document\2\doc_id-253.md,F:\projects\my-stock\tushare_docs\美股数据\美股交易日历.md
394,美股数据,美股利润表,,,us_income,https://tushare.pro/document/2?doc_id=394,F:\projects\my-stock\tushare_docs\document\2\doc_id-394.md,F:\projects\my-stock\tushare_docs\美股数据\美股利润表.md
252,美股数据,美股基础信息,,,us_basic,https://tushare.pro/document/2?doc_id=252,F:\projects\my-stock\tushare_docs\document\2\doc_id-252.md,F:\projects\my-stock\tushare_docs\美股数据\美股基础信息.md
402,美股数据,美股复权因子,,,us_adjfactor,https://tushare.pro/document/2?doc_id=402,F:\projects\my-stock\tushare_docs\document\2\doc_id-402.md,F:\projects\my-stock\tushare_docs\美股数据\美股复权因子.md
338,美股数据,美股复权行情,,,us_daily_adj,https://tushare.pro/document/2?doc_id=338,F:\projects\my-stock\tushare_docs\document\2\doc_id-338.md,F:\projects\my-stock\tushare_docs\美股数据\美股复权行情.md
254,美股数据,美股日线行情,,,us_daily,https://tushare.pro/document/2?doc_id=254,F:\projects\my-stock\tushare_docs\document\2\doc_id-254.md,F:\projects\my-stock\tushare_docs\美股数据\美股日线行情.md
396,美股数据,美股现金流量表,,,us_cashflow,https://tushare.pro/document/2?doc_id=396,F:\projects\my-stock\tushare_docs\document\2\doc_id-396.md,F:\projects\my-stock\tushare_docs\美股数据\美股现金流量表.md
393,美股数据,美股财务指标数据,,,us_fina_indicator,https://tushare.pro/document/2?doc_id=393,F:\projects\my-stock\tushare_docs\document\2\doc_id-393.md,F:\projects\my-stock\tushare_docs\美股数据\美股财务指标数据.md
395,美股数据,美股资产负债表,,,us_balancesheet,https://tushare.pro/document/2?doc_id=395,F:\projects\my-stock\tushare_docs\document\2\doc_id-395.md,F:\projects\my-stock\tushare_docs\美股数据\美股资产负债表.md
334,股票数据,两融及转融通,做市借券交易汇总(停）,,slb_len_mm,https://tushare.pro/document/2?doc_id=334,F:\projects\my-stock\tushare_docs\document\2\doc_id-334.md,F:\projects\my-stock\tushare_docs\股票数据\两融及转融通\做市借券交易汇总_停.md
59,股票数据,两融及转融通,融资融券交易明细,,margin_detail,https://tushare.pro/document/2?doc_id=59,F:\projects\my-stock\tushare_docs\document\2\doc_id-59.md,F:\projects\my-stock\tushare_docs\股票数据\两融及转融通\融资融券交易明细.md
58,股票数据,两融及转融通,融资融券交易汇总,,margin,https://tushare.pro/document/2?doc_id=58,F:\projects\my-stock\tushare_docs\document\2\doc_id-58.md,F:\projects\my-stock\tushare_docs\股票数据\两融及转融通\融资融券交易汇总.md
326,股票数据,两融及转融通,融资融券标的（盘前）,,margin_secs,https://tushare.pro/document/2?doc_id=326,F:\projects\my-stock\tushare_docs\document\2\doc_id-326.md,F:\projects\my-stock\tushare_docs\股票数据\两融及转融通\融资融券标的_盘前.md
333,股票数据,两融及转融通,转融券交易明细(停）,,slb_sec_detail,https://tushare.pro/document/2?doc_id=333,F:\projects\my-stock\tushare_docs\document\2\doc_id-333.md,F:\projects\my-stock\tushare_docs\股票数据\两融及转融通\转融券交易明细_停.md
332,股票数据,两融及转融通,转融券交易汇总(停）,,slb_sec,https://tushare.pro/document/2?doc_id=332,F:\projects\my-stock\tushare_docs\document\2\doc_id-332.md,F:\projects\my-stock\tushare_docs\股票数据\两融及转融通\转融券交易汇总_停.md
331,股票数据,两融及转融通,转融资交易汇总,,slb_len,https://tushare.pro/document/2?doc_id=331,F:\projects\my-stock\tushare_docs\document\2\doc_id-331.md,F:\projects\my-stock\tushare_docs\股票数据\两融及转融通\转融资交易汇总.md
62,股票数据,参考数据,前十大流通股东,,top10_floatholders,https://tushare.pro/document/2?doc_id=62,F:\projects\my-stock\tushare_docs\document\2\doc_id-62.md,F:\projects\my-stock\tushare_docs\股票数据\参考数据\前十大流通股东.md
61,股票数据,参考数据,前十大股东,,top10_holders,https://tushare.pro/document/2?doc_id=61,F:\projects\my-stock\tushare_docs\document\2\doc_id-61.md,F:\projects\my-stock\tushare_docs\股票数据\参考数据\前十大股东.md
161,股票数据,参考数据,大宗交易,,block_trade,https://tushare.pro/document/2?doc_id=161,F:\projects\my-stock\tushare_docs\document\2\doc_id-161.md,F:\projects\my-stock\tushare_docs\股票数据\参考数据\大宗交易.md
166,股票数据,参考数据,股东人数,,stk_holdernumber,https://tushare.pro/document/2?doc_id=166,F:\projects\my-stock\tushare_docs\document\2\doc_id-166.md,F:\projects\my-stock\tushare_docs\股票数据\参考数据\股东人数.md
175,股票数据,参考数据,股东增减持,,stk_holdertrade,https://tushare.pro/document/2?doc_id=175,F:\projects\my-stock\tushare_docs\document\2\doc_id-175.md,F:\projects\my-stock\tushare_docs\股票数据\参考数据\股东增减持.md
111,股票数据,参考数据,股权质押明细数据,,pledge_detail,https://tushare.pro/document/2?doc_id=111,F:\projects\my-stock\tushare_docs\document\2\doc_id-111.md,F:\projects\my-stock\tushare_docs\股票数据\参考数据\股权质押明细数据.md
110,股票数据,参考数据,股权质押统计数据,,pledge_stat,https://tushare.pro/document/2?doc_id=110,F:\projects\my-stock\tushare_docs\document\2\doc_id-110.md,F:\projects\my-stock\tushare_docs\股票数据\参考数据\股权质押统计数据.md
124,股票数据,参考数据,股票回购,,repurchase,https://tushare.pro/document/2?doc_id=124,F:\projects\my-stock\tushare_docs\document\2\doc_id-124.md,F:\projects\my-stock\tushare_docs\股票数据\参考数据\股票回购.md
164,股票数据,参考数据,股票开户数据（停）,,stk_account,https://tushare.pro/document/2?doc_id=164,F:\projects\my-stock\tushare_docs\document\2\doc_id-164.md,F:\projects\my-stock\tushare_docs\股票数据\参考数据\股票开户数据_停.md
165,股票数据,参考数据,股票开户数据（旧）,,stk_account_old,https://tushare.pro/document/2?doc_id=165,F:\projects\my-stock\tushare_docs\document\2\doc_id-165.md,F:\projects\my-stock\tushare_docs\股票数据\参考数据\股票开户数据_旧.md
160,股票数据,参考数据,限售股解禁,,share_float,https://tushare.pro/document/2?doc_id=160,F:\projects\my-stock\tushare_docs\document\2\doc_id-160.md,F:\projects\my-stock\tushare_docs\股票数据\参考数据\限售股解禁.md
123,股票数据,基础数据,IPO新股上市,,new_share,https://tushare.pro/document/2?doc_id=123,F:\projects\my-stock\tushare_docs\document\2\doc_id-123.md,F:\projects\my-stock\tushare_docs\股票数据\基础数据\IPO新股上市.md
397,股票数据,基础数据,ST股票列表,,stock_st,https://tushare.pro/document/2?doc_id=397,F:\projects\my-stock\tushare_docs\document\2\doc_id-397.md,F:\projects\my-stock\tushare_docs\股票数据\基础数据\ST股票列表.md
423,股票数据,基础数据,ST风险警示板股票,,,https://tushare.pro/document/2?doc_id=423,F:\projects\my-stock\tushare_docs\document\2\doc_id-423.md,F:\projects\my-stock\tushare_docs\股票数据\基础数据\ST风险警示板股票.md
112,股票数据,基础数据,上市公司基本信息,,stock_company,https://tushare.pro/document/2?doc_id=112,F:\projects\my-stock\tushare_docs\document\2\doc_id-112.md,F:\projects\my-stock\tushare_docs\股票数据\基础数据\上市公司基本信息.md
193,股票数据,基础数据,上市公司管理层,,stk_managers,https://tushare.pro/document/2?doc_id=193,F:\projects\my-stock\tushare_docs\document\2\doc_id-193.md,F:\projects\my-stock\tushare_docs\股票数据\基础数据\上市公司管理层.md
26,股票数据,基础数据,交易日历,,trade_cal,https://tushare.pro/document/2?doc_id=26,F:\projects\my-stock\tushare_docs\document\2\doc_id-26.md,F:\projects\my-stock\tushare_docs\股票数据\基础数据\交易日历.md
375,股票数据,基础数据,北交所新旧代码对照,,bse_mapping,https://tushare.pro/document/2?doc_id=375,F:\projects\my-stock\tushare_docs\document\2\doc_id-375.md,F:\projects\my-stock\tushare_docs\股票数据\基础数据\北交所新旧代码对照.md
329,股票数据,基础数据,每日股本（盘前）,,stk_premarket,https://tushare.pro/document/2?doc_id=329,F:\projects\my-stock\tushare_docs\document\2\doc_id-329.md,F:\projects\my-stock\tushare_docs\股票数据\基础数据\每日股本_盘前.md
398,股票数据,基础数据,沪深港通股票列表,,stock_hsgt,https://tushare.pro/document/2?doc_id=398,F:\projects\my-stock\tushare_docs\document\2\doc_id-398.md,F:\projects\my-stock\tushare_docs\股票数据\基础数据\沪深港通股票列表.md
194,股票数据,基础数据,管理层薪酬和持股,,stk_rewards,https://tushare.pro/document/2?doc_id=194,F:\projects\my-stock\tushare_docs\document\2\doc_id-194.md,F:\projects\my-stock\tushare_docs\股票数据\基础数据\管理层薪酬和持股.md
25,股票数据,基础数据,股票列表,,stock_basic,https://tushare.pro/document/2?doc_id=25,F:\projects\my-stock\tushare_docs\document\2\doc_id-25.md,F:\projects\my-stock\tushare_docs\股票数据\基础数据\股票列表.md
262,股票数据,基础数据,股票历史列表,,bak_basic,https://tushare.pro/document/2?doc_id=262,F:\projects\my-stock\tushare_docs\document\2\doc_id-262.md,F:\projects\my-stock\tushare_docs\股票数据\基础数据\股票历史列表.md
100,股票数据,基础数据,股票曾用名,,namechange,https://tushare.pro/document/2?doc_id=100,F:\projects\my-stock\tushare_docs\document\2\doc_id-100.md,F:\projects\my-stock\tushare_docs\股票数据\基础数据\股票曾用名.md
321,股票数据,打板专题数据,东方财富App热榜,,dc_hot,https://tushare.pro/document/2?doc_id=321,F:\projects\my-stock\tushare_docs\document\2\doc_id-321.md,F:\projects\my-stock\tushare_docs\股票数据\打板专题数据\东方财富App热榜.md
363,股票数据,打板专题数据,东方财富概念成分,,dc_member,https://tushare.pro/document/2?doc_id=363,F:\projects\my-stock\tushare_docs\document\2\doc_id-363.md,F:\projects\my-stock\tushare_docs\股票数据\打板专题数据\东方财富概念成分.md
362,股票数据,打板专题数据,东方财富概念板块,,dc_index,https://tushare.pro/document/2?doc_id=362,F:\projects\my-stock\tushare_docs\document\2\doc_id-362.md,F:\projects\my-stock\tushare_docs\股票数据\打板专题数据\东方财富概念板块.md
382,股票数据,打板专题数据,东财概念和行业指数行情,,dc_daily,https://tushare.pro/document/2?doc_id=382,F:\projects\my-stock\tushare_docs\document\2\doc_id-382.md,F:\projects\my-stock\tushare_docs\股票数据\打板专题数据\东财概念和行业指数行情.md
320,股票数据,打板专题数据,同花顺App热榜数,,ths_hot,https://tushare.pro/document/2?doc_id=320,F:\projects\my-stock\tushare_docs\document\2\doc_id-320.md,F:\projects\my-stock\tushare_docs\股票数据\打板专题数据\同花顺App热榜数.md
260,股票数据,打板专题数据,同花顺概念和行业指数行情,,ths_daily,https://tushare.pro/document/2?doc_id=260,F:\projects\my-stock\tushare_docs\document\2\doc_id-260.md,F:\projects\my-stock\tushare_docs\股票数据\打板专题数据\同花顺概念和行业指数行情.md
355,股票数据,打板专题数据,同花顺涨跌停榜单,,limit_list_ths,https://tushare.pro/document/2?doc_id=355,F:\projects\my-stock\tushare_docs\document\2\doc_id-355.md,F:\projects\my-stock\tushare_docs\股票数据\打板专题数据\同花顺涨跌停榜单.md
261,股票数据,打板专题数据,同花顺行业概念成分,,ths_member,https://tushare.pro/document/2?doc_id=261,F:\projects\my-stock\tushare_docs\document\2\doc_id-261.md,F:\projects\my-stock\tushare_docs\股票数据\打板专题数据\同花顺行业概念成分.md
259,股票数据,打板专题数据,同花顺行业概念板块,,ths_index,https://tushare.pro/document/2?doc_id=259,F:\projects\my-stock\tushare_docs\document\2\doc_id-259.md,F:\projects\my-stock\tushare_docs\股票数据\打板专题数据\同花顺行业概念板块.md
311,股票数据,打板专题数据,市场游资最全名录,,hm_list,https://tushare.pro/document/2?doc_id=311,F:\projects\my-stock\tushare_docs\document\2\doc_id-311.md,F:\projects\my-stock\tushare_docs\股票数据\打板专题数据\市场游资最全名录.md
369,股票数据,打板专题数据,开盘竞价成交（当日）,,stk_auction,https://tushare.pro/document/2?doc_id=369,F:\projects\my-stock\tushare_docs\document\2\doc_id-369.md,F:\projects\my-stock\tushare_docs\股票数据\打板专题数据\开盘竞价成交_当日.md
347,股票数据,打板专题数据,榜单数据（开盘啦）,,kpl_list,https://tushare.pro/document/2?doc_id=347,F:\projects\my-stock\tushare_docs\document\2\doc_id-347.md,F:\projects\my-stock\tushare_docs\股票数据\打板专题数据\榜单数据_开盘啦.md
357,股票数据,打板专题数据,涨停最强板块统计,,limit_cpt_list,https://tushare.pro/document/2?doc_id=357,F:\projects\my-stock\tushare_docs\document\2\doc_id-357.md,F:\projects\my-stock\tushare_docs\股票数据\打板专题数据\涨停最强板块统计.md
356,股票数据,打板专题数据,涨停股票连板天梯,,limit_step,https://tushare.pro/document/2?doc_id=356,F:\projects\my-stock\tushare_docs\document\2\doc_id-356.md,F:\projects\my-stock\tushare_docs\股票数据\打板专题数据\涨停股票连板天梯.md
298,股票数据,打板专题数据,涨跌停和炸板数据,,limit_list_d,https://tushare.pro/document/2?doc_id=298,F:\projects\my-stock\tushare_docs\document\2\doc_id-298.md,F:\projects\my-stock\tushare_docs\股票数据\打板专题数据\涨跌停和炸板数据.md
312,股票数据,打板专题数据,游资交易每日明细,,hm_detail,https://tushare.pro/document/2?doc_id=312,F:\projects\my-stock\tushare_docs\document\2\doc_id-312.md,F:\projects\my-stock\tushare_docs\股票数据\打板专题数据\游资交易每日明细.md
376,股票数据,打板专题数据,通达信板块信息,,tdx_index,https://tushare.pro/document/2?doc_id=376,F:\projects\my-stock\tushare_docs\document\2\doc_id-376.md,F:\projects\my-stock\tushare_docs\股票数据\打板专题数据\通达信板块信息.md
377,股票数据,打板专题数据,通达信板块成分,,tdx_member,https://tushare.pro/document/2?doc_id=377,F:\projects\my-stock\tushare_docs\document\2\doc_id-377.md,F:\projects\my-stock\tushare_docs\股票数据\打板专题数据\通达信板块成分.md
378,股票数据,打板专题数据,通达信板块行情,,tdx_daily,https://tushare.pro/document/2?doc_id=378,F:\projects\my-stock\tushare_docs\document\2\doc_id-378.md,F:\projects\my-stock\tushare_docs\股票数据\打板专题数据\通达信板块行情.md
351,股票数据,打板专题数据,题材成分（开盘啦）,,kpl_concept_cons,https://tushare.pro/document/2?doc_id=351,F:\projects\my-stock\tushare_docs\document\2\doc_id-351.md,F:\projects\my-stock\tushare_docs\股票数据\打板专题数据\题材成分_开盘啦.md
107,股票数据,打板专题数据,龙虎榜机构交易单,,top_inst,https://tushare.pro/document/2?doc_id=107,F:\projects\my-stock\tushare_docs\document\2\doc_id-107.md,F:\projects\my-stock\tushare_docs\股票数据\打板专题数据\龙虎榜机构交易单.md
106,股票数据,打板专题数据,龙虎榜每日统计单,,top_list,https://tushare.pro/document/2?doc_id=106,F:\projects\my-stock\tushare_docs\document\2\doc_id-106.md,F:\projects\my-stock\tushare_docs\股票数据\打板专题数据\龙虎榜每日统计单.md
399,股票数据,特色数据,AH股比价,,stk_ah_comparison,https://tushare.pro/document/2?doc_id=399,F:\projects\my-stock\tushare_docs\document\2\doc_id-399.md,F:\projects\my-stock\tushare_docs\股票数据\特色数据\AH股比价.md
274,股票数据,特色数据,中央结算系统持股明细,,ccass_hold_detail,https://tushare.pro/document/2?doc_id=274,F:\projects\my-stock\tushare_docs\document\2\doc_id-274.md,F:\projects\my-stock\tushare_docs\股票数据\特色数据\中央结算系统持股明细.md
295,股票数据,特色数据,中央结算系统持股统计,,ccass_hold,https://tushare.pro/document/2?doc_id=295,F:\projects\my-stock\tushare_docs\document\2\doc_id-295.md,F:\projects\my-stock\tushare_docs\股票数据\特色数据\中央结算系统持股统计.md
267,股票数据,特色数据,券商月度金股,,broker_recommend,https://tushare.pro/document/2?doc_id=267,F:\projects\my-stock\tushare_docs\document\2\doc_id-267.md,F:\projects\my-stock\tushare_docs\股票数据\特色数据\券商月度金股.md
292,股票数据,特色数据,券商盈利预测数据,,report_rc,https://tushare.pro/document/2?doc_id=292,F:\projects\my-stock\tushare_docs\document\2\doc_id-292.md,F:\projects\my-stock\tushare_docs\股票数据\特色数据\券商盈利预测数据.md
275,股票数据,特色数据,机构调研数据,,stk_surv,https://tushare.pro/document/2?doc_id=275,F:\projects\my-stock\tushare_docs\document\2\doc_id-275.md,F:\projects\my-stock\tushare_docs\股票数据\特色数据\机构调研数据.md
294,股票数据,特色数据,每日筹码分布,,cyq_chips,https://tushare.pro/document/2?doc_id=294,F:\projects\my-stock\tushare_docs\document\2\doc_id-294.md,F:\projects\my-stock\tushare_docs\股票数据\特色数据\每日筹码分布.md
293,股票数据,特色数据,每日筹码及胜率,,cyq_perf,https://tushare.pro/document/2?doc_id=293,F:\projects\my-stock\tushare_docs\document\2\doc_id-293.md,F:\projects\my-stock\tushare_docs\股票数据\特色数据\每日筹码及胜率.md
188,股票数据,特色数据,沪深股通持股明细,,hk_hold,https://tushare.pro/document/2?doc_id=188,F:\projects\my-stock\tushare_docs\document\2\doc_id-188.md,F:\projects\my-stock\tushare_docs\股票数据\特色数据\沪深股通持股明细.md
364,股票数据,特色数据,神奇九转指标,,stk_nineturn,https://tushare.pro/document/2?doc_id=364,F:\projects\my-stock\tushare_docs\document\2\doc_id-364.md,F:\projects\my-stock\tushare_docs\股票数据\特色数据\神奇九转指标.md
353,股票数据,特色数据,股票开盘集合竞价数据,,stk_auction_o,https://tushare.pro/document/2?doc_id=353,F:\projects\my-stock\tushare_docs\document\2\doc_id-353.md,F:\projects\my-stock\tushare_docs\股票数据\特色数据\股票开盘集合竞价数据.md
328,股票数据,特色数据,股票技术面因子(专业版）,,stk_factor_pro,https://tushare.pro/document/2?doc_id=328,F:\projects\my-stock\tushare_docs\document\2\doc_id-328.md,F:\projects\my-stock\tushare_docs\股票数据\特色数据\股票技术面因子_专业版.md
354,股票数据,特色数据,股票收盘集合竞价数据,,stk_auction_c,https://tushare.pro/document/2?doc_id=354,F:\projects\my-stock\tushare_docs\document\2\doc_id-354.md,F:\projects\my-stock\tushare_docs\股票数据\特色数据\股票收盘集合竞价数据.md
370,股票数据,行情数据,历史分钟,,stk_mins,https://tushare.pro/document/2?doc_id=370,F:\projects\my-stock\tushare_docs\document\2\doc_id-370.md,F:\projects\my-stock\tushare_docs\股票数据\行情数据\历史分钟.md
27,股票数据,行情数据,历史日线,,daily,https://tushare.pro/document/2?doc_id=27,F:\projects\my-stock\tushare_docs\document\2\doc_id-27.md,F:\projects\my-stock\tushare_docs\股票数据\行情数据\历史日线.md
365,股票数据,行情数据,周/月线复权行情(每日更新),,stk_week_month_adj,https://tushare.pro/document/2?doc_id=365,F:\projects\my-stock\tushare_docs\document\2\doc_id-365.md,F:\projects\my-stock\tushare_docs\股票数据\行情数据\周_月线复权行情_每日更新.md
336,股票数据,行情数据,周/月线行情(每日更新),,stk_weekly_monthly,https://tushare.pro/document/2?doc_id=336,F:\projects\my-stock\tushare_docs\document\2\doc_id-336.md,F:\projects\my-stock\tushare_docs\股票数据\行情数据\周_月线行情_每日更新.md
144,股票数据,行情数据,周线行情,,weekly,https://tushare.pro/document/2?doc_id=144,F:\projects\my-stock\tushare_docs\document\2\doc_id-144.md,F:\projects\my-stock\tushare_docs\股票数据\行情数据\周线行情.md
255,股票数据,行情数据,备用行情,,bak_daily,https://tushare.pro/document/2?doc_id=255,F:\projects\my-stock\tushare_docs\document\2\doc_id-255.md,F:\projects\my-stock\tushare_docs\股票数据\行情数据\备用行情.md
28,股票数据,行情数据,复权因子,,adj_factor,https://tushare.pro/document/2?doc_id=28,F:\projects\my-stock\tushare_docs\document\2\doc_id-28.md,F:\projects\my-stock\tushare_docs\股票数据\行情数据\复权因子.md
146,股票数据,行情数据,复权行情,,pro_bar,https://tushare.pro/document/2?doc_id=146,F:\projects\my-stock\tushare_docs\document\2\doc_id-146.md,F:\projects\my-stock\tushare_docs\股票数据\行情数据\复权行情.md
315,股票数据,行情数据,实时Tick（爬虫）,,realtime_quote,https://tushare.pro/document/2?doc_id=315,F:\projects\my-stock\tushare_docs\document\2\doc_id-315.md,F:\projects\my-stock\tushare_docs\股票数据\行情数据\实时Tick_爬虫.md
374,股票数据,行情数据,实时分钟,,rt_min,https://tushare.pro/document/2?doc_id=374,F:\projects\my-stock\tushare_docs\document\2\doc_id-374.md,F:\projects\my-stock\tushare_docs\股票数据\行情数据\实时分钟.md
316,股票数据,行情数据,实时成交（爬虫）,,realtime_tick,https://tushare.pro/document/2?doc_id=316,F:\projects\my-stock\tushare_docs\document\2\doc_id-316.md,F:\projects\my-stock\tushare_docs\股票数据\行情数据\实时成交_爬虫.md
317,股票数据,行情数据,实时排名（爬虫）,,realtime_list,https://tushare.pro/document/2?doc_id=317,F:\projects\my-stock\tushare_docs\document\2\doc_id-317.md,F:\projects\my-stock\tushare_docs\股票数据\行情数据\实时排名_爬虫.md
372,股票数据,行情数据,实时日线,,rt_k,https://tushare.pro/document/2?doc_id=372,F:\projects\my-stock\tushare_docs\document\2\doc_id-372.md,F:\projects\my-stock\tushare_docs\股票数据\行情数据\实时日线.md
145,股票数据,行情数据,月线行情,,monthly,https://tushare.pro/document/2?doc_id=145,F:\projects\my-stock\tushare_docs\document\2\doc_id-145.md,F:\projects\my-stock\tushare_docs\股票数据\行情数据\月线行情.md
214,股票数据,行情数据,每日停复牌信息,,suspend_d,https://tushare.pro/document/2?doc_id=214,F:\projects\my-stock\tushare_docs\document\2\doc_id-214.md,F:\projects\my-stock\tushare_docs\股票数据\行情数据\每日停复牌信息.md
32,股票数据,行情数据,每日指标,,daily_basic,https://tushare.pro/document/2?doc_id=32,F:\projects\my-stock\tushare_docs\document\2\doc_id-32.md,F:\projects\my-stock\tushare_docs\股票数据\行情数据\每日指标.md
183,股票数据,行情数据,每日涨跌停价格,,stk_limit,https://tushare.pro/document/2?doc_id=183,F:\projects\my-stock\tushare_docs\document\2\doc_id-183.md,F:\projects\my-stock\tushare_docs\股票数据\行情数据\每日涨跌停价格.md
48,股票数据,行情数据,沪深股通十大成交股,,hsgt_top10,https://tushare.pro/document/2?doc_id=48,F:\projects\my-stock\tushare_docs\document\2\doc_id-48.md,F:\projects\my-stock\tushare_docs\股票数据\行情数据\沪深股通十大成交股.md
49,股票数据,行情数据,港股通十大成交股,,ggt_top10,https://tushare.pro/document/2?doc_id=49,F:\projects\my-stock\tushare_docs\document\2\doc_id-49.md,F:\projects\my-stock\tushare_docs\股票数据\行情数据\港股通十大成交股.md
196,股票数据,行情数据,港股通每日成交统计,,ggt_daily,https://tushare.pro/document/2?doc_id=196,F:\projects\my-stock\tushare_docs\document\2\doc_id-196.md,F:\projects\my-stock\tushare_docs\股票数据\行情数据\港股通每日成交统计.md
197,股票数据,行情数据,港股通每月成交统计,,ggt_monthly,https://tushare.pro/document/2?doc_id=197,F:\projects\my-stock\tushare_docs\document\2\doc_id-197.md,F:\projects\my-stock\tushare_docs\股票数据\行情数据\港股通每月成交统计.md
109,股票数据,行情数据,通用行情接口,,pro_bar,https://tushare.pro/document/2?doc_id=109,F:\projects\my-stock\tushare_docs\document\2\doc_id-109.md,F:\projects\my-stock\tushare_docs\股票数据\行情数据\通用行情接口.md
46,股票数据,财务数据,业绩快报,,express,https://tushare.pro/document/2?doc_id=46,F:\projects\my-stock\tushare_docs\document\2\doc_id-46.md,F:\projects\my-stock\tushare_docs\股票数据\财务数据\业绩快报.md
45,股票数据,财务数据,业绩预告,,forecast,https://tushare.pro/document/2?doc_id=45,F:\projects\my-stock\tushare_docs\document\2\doc_id-45.md,F:\projects\my-stock\tushare_docs\股票数据\财务数据\业绩预告.md
81,股票数据,财务数据,主营业务构成,,fina_mainbz,https://tushare.pro/document/2?doc_id=81,F:\projects\my-stock\tushare_docs\document\2\doc_id-81.md,F:\projects\my-stock\tushare_docs\股票数据\财务数据\主营业务构成.md
103,股票数据,财务数据,分红送股数据,,dividend,https://tushare.pro/document/2?doc_id=103,F:\projects\my-stock\tushare_docs\document\2\doc_id-103.md,F:\projects\my-stock\tushare_docs\股票数据\财务数据\分红送股数据.md
33,股票数据,财务数据,利润表,,income,https://tushare.pro/document/2?doc_id=33,F:\projects\my-stock\tushare_docs\document\2\doc_id-33.md,F:\projects\my-stock\tushare_docs\股票数据\财务数据\利润表.md
44,股票数据,财务数据,现金流量表,,cashflow,https://tushare.pro/document/2?doc_id=44,F:\projects\my-stock\tushare_docs\document\2\doc_id-44.md,F:\projects\my-stock\tushare_docs\股票数据\财务数据\现金流量表.md
80,股票数据,财务数据,财务审计意见,,fina_audit,https://tushare.pro/document/2?doc_id=80,F:\projects\my-stock\tushare_docs\document\2\doc_id-80.md,F:\projects\my-stock\tushare_docs\股票数据\财务数据\财务审计意见.md
79,股票数据,财务数据,财务指标数据,,fina_indicator,https://tushare.pro/document/2?doc_id=79,F:\projects\my-stock\tushare_docs\document\2\doc_id-79.md,F:\projects\my-stock\tushare_docs\股票数据\财务数据\财务指标数据.md
162,股票数据,财务数据,财报披露日期表,,disclosure_date,https://tushare.pro/document/2?doc_id=162,F:\projects\my-stock\tushare_docs\document\2\doc_id-162.md,F:\projects\my-stock\tushare_docs\股票数据\财务数据\财报披露日期表.md
36,股票数据,财务数据,资产负债表,,balancesheet,https://tushare.pro/document/2?doc_id=36,F:\projects\my-stock\tushare_docs\document\2\doc_id-36.md,F:\projects\my-stock\tushare_docs\股票数据\财务数据\资产负债表.md
170,股票数据,资金流向数据,个股资金流向,,moneyflow,https://tushare.pro/document/2?doc_id=170,F:\projects\my-stock\tushare_docs\document\2\doc_id-170.md,F:\projects\my-stock\tushare_docs\股票数据\资金流向数据\个股资金流向.md
349,股票数据,资金流向数据,个股资金流向（DC）,,moneyflow_dc,https://tushare.pro/document/2?doc_id=349,F:\projects\my-stock\tushare_docs\document\2\doc_id-349.md,F:\projects\my-stock\tushare_docs\股票数据\资金流向数据\个股资金流向_DC.md
348,股票数据,资金流向数据,个股资金流向（THS）,,moneyflow_ths,https://tushare.pro/document/2?doc_id=348,F:\projects\my-stock\tushare_docs\document\2\doc_id-348.md,F:\projects\my-stock\tushare_docs\股票数据\资金流向数据\个股资金流向_THS.md
345,股票数据,资金流向数据,大盘资金流向（DC）,,moneyflow_mkt_dc,https://tushare.pro/document/2?doc_id=345,F:\projects\my-stock\tushare_docs\document\2\doc_id-345.md,F:\projects\my-stock\tushare_docs\股票数据\资金流向数据\大盘资金流向_DC.md
344,股票数据,资金流向数据,板块资金流向（DC）,,moneyflow_ind_dc,https://tushare.pro/document/2?doc_id=344,F:\projects\my-stock\tushare_docs\document\2\doc_id-344.md,F:\projects\my-stock\tushare_docs\股票数据\资金流向数据\板块资金流向_DC.md
371,股票数据,资金流向数据,板块资金流向（THS),,moneyflow_cnt_ths,https://tushare.pro/document/2?doc_id=371,F:\projects\my-stock\tushare_docs\document\2\doc_id-371.md,F:\projects\my-stock\tushare_docs\股票数据\资金流向数据\板块资金流向_THS.md
47,股票数据,资金流向数据,沪深港通资金流向,,moneyflow_hsgt,https://tushare.pro/document/2?doc_id=47,F:\projects\my-stock\tushare_docs\document\2\doc_id-47.md,F:\projects\my-stock\tushare_docs\股票数据\资金流向数据\沪深港通资金流向.md
343,股票数据,资金流向数据,行业资金流向（THS）,,moneyflow_ind_ths,https://tushare.pro/document/2?doc_id=343,F:\projects\my-stock\tushare_docs\document\2\doc_id-343.md,F:\projects\my-stock\tushare_docs\股票数据\资金流向数据\行业资金流向_THS.md
156,行业经济,TMT行业,全国电影剧本备案数据,,film_record,https://tushare.pro/document/2?doc_id=156,F:\projects\my-stock\tushare_docs\document\2\doc_id-156.md,F:\projects\my-stock\tushare_docs\行业经济\TMT行业\全国电影剧本备案数据.md
180,行业经济,TMT行业,全国电视剧备案公示数据,,teleplay_record,https://tushare.pro/document/2?doc_id=180,F:\projects\my-stock\tushare_docs\document\2\doc_id-180.md,F:\projects\my-stock\tushare_docs\行业经济\TMT行业\全国电视剧备案公示数据.md
88,行业经济,TMT行业,台湾电子产业月营收,,tmt_twincome,https://tushare.pro/document/2?doc_id=88,F:\projects\my-stock\tushare_docs\document\2\doc_id-88.md,F:\projects\my-stock\tushare_docs\行业经济\TMT行业\台湾电子产业月营收.md
87,行业经济,TMT行业,台湾电子产业月营收明细,,tmt_twincomedetail,https://tushare.pro/document/2?doc_id=87,F:\projects\my-stock\tushare_docs\document\2\doc_id-87.md,F:\projects\my-stock\tushare_docs\行业经济\TMT行业\台湾电子产业月营收明细.md
116,行业经济,TMT行业,影院日度票房,,bo_cinema,https://tushare.pro/document/2?doc_id=116,F:\projects\my-stock\tushare_docs\document\2\doc_id-116.md,F:\projects\my-stock\tushare_docs\行业经济\TMT行业\影院日度票房.md
114,行业经济,TMT行业,电影周度票房,,bo_weekly,https://tushare.pro/document/2?doc_id=114,F:\projects\my-stock\tushare_docs\document\2\doc_id-114.md,F:\projects\my-stock\tushare_docs\行业经济\TMT行业\电影周度票房.md
115,行业经济,TMT行业,电影日度票房,,bo_daily,https://tushare.pro/document/2?doc_id=115,F:\projects\my-stock\tushare_docs\document\2\doc_id-115.md,F:\projects\my-stock\tushare_docs\行业经济\TMT行业\电影日度票房.md
113,行业经济,TMT行业,电影月度票房,,bo_monthly,https://tushare.pro/document/2?doc_id=113,F:\projects\my-stock\tushare_docs\document\2\doc_id-113.md,F:\projects\my-stock\tushare_docs\行业经济\TMT行业\电影月度票房.md
265,财富管理,基金销售行业数据,各渠道公募基金销售保有规模占比,,fund_sales_ratio,https://tushare.pro/document/2?doc_id=265,F:\projects\my-stock\tushare_docs\document\2\doc_id-265.md,F:\projects\my-stock\tushare_docs\财富管理\基金销售行业数据\各渠道公募基金销售保有规模占比.md
266,财富管理,基金销售行业数据,销售机构公募基金销售保有规模,,fund_sales_vol,https://tushare.pro/document/2?doc_id=266,F:\projects\my-stock\tushare_docs\document\2\doc_id-266.md,F:\projects\my-stock\tushare_docs\财富管理\基金销售行业数据\销售机构公募基金销售保有规模.md
